States,Force,Reward,Terminated,Time
[[ 0.          0.10275448 -0.15780714  0.          0.          0.        ]],-10,0,False,0.0
[[-0.0020336   0.10538614 -0.1586493  -0.20336668  0.2632364  -0.08420929]],-10,0,False,0.02
[[-0.00813517  0.11328935 -0.16117465 -0.40680823  0.52727719 -0.16827645]],-10,0,False,0.04
[[-0.01830676  0.12648656 -0.16537626 -0.61037252  0.79270338 -0.25170514]],-10,0,False,0.06
[[-0.03255087  0.14500786 -0.17123093 -0.81405426  1.05966624 -0.33331289]],-10,0,False,0.08
[[-0.05086919  0.16888066 -0.1786826  -1.01777149  1.32772469 -0.41095677]],-40,0,False,0.1
[[-0.07922342  0.20363935 -0.18687998 -1.81717501  2.14367947 -0.39962744]],-10,0,False,0.12
[[-0.11758435  0.24904778 -0.19519287 -2.01874468  2.39641676 -0.42815736]],-40,-10,True,0.14
