States,Force,Reward,Terminated,Time
[[ 0.         -0.0948658   0.15237656  0.          0.          0.        ]],1,0.03369000444507485,False,0.0
[[ 0.00023455 -0.09571801  0.153269    0.02345927 -0.08527967  0.08931433]],1,0.0,False,0.02
[[ 0.00093868 -0.0982817   0.15595477  0.04696526 -0.17126513  0.17947228]],40,0.0,False,0.04
[[ 0.0098986  -0.1101362   0.16006722  0.84896596 -1.01336639  0.22979921]],1,0.0,False,0.06
[[ 0.02711475 -0.13128321  0.16553121  0.87273006 -1.10233952  0.31728338]],1,0.0,False,0.08
[[ 0.04481094 -0.15426964  0.17278448  0.89696414 -1.19728347  0.40864414]],1,0.0,False,0.1
[[ 0.0629961  -0.1792126   0.18189839  0.92161494 -1.29792868  0.50320558]],1,0.0,False,0.12
[[ 0.08167781 -0.20622151  0.19292716  0.94660582 -1.40377546  0.59992375]],1,0.0,False,0.14
[[ 0.10086193 -0.23539351  0.20590035  0.9718364  -1.51409871  0.69738147]],1,-10.0,True,0.16
