States,Force,Reward,Terminated,Time
[[ 0.          0.14780459 -0.15236934  0.          0.          0.        ]],-40,0,False,0.0
[[-0.00801978  0.15621568 -0.15276474 -0.80189691  0.84027645 -0.03776578]],-40,0,False,0.02
[[-0.03206874  0.18134533 -0.15373235 -1.60270264  1.66989341 -0.05321663]],-40,0,False,0.04
[[-0.07210956  0.2228494  -0.15456533 -2.40072567  2.47505255 -0.01921829]],-40,-10,True,0.06
