States,Force,Reward,Terminated,Time
[[ 0.          0.15990852 -0.16360957  0.          0.          0.        ]],40,0,False,0.0
[[ 0.00790882  0.15327642 -0.16543818  0.79100651 -0.66448304 -0.18116629]],40,0,False,0.02
[[ 0.03164996  0.13322822 -0.17072134  1.58345813 -1.34408334 -0.34212648]],40,0,False,0.04
[[ 0.07126449  0.09931754 -0.17885948  2.37848714 -2.05292882 -0.46361742]],40,0,False,0.06
[[ 0.12680945  0.05083912 -0.18889397  3.17646849 -2.80236159 -0.5295598 ]],40,0,False,0.08
[[ 0.19833611 -0.01308246 -0.19961706  3.97629803 -3.59718593 -0.53239244]],40,0,False,0.1
[[ 0.28585007 -0.09329726 -0.20983827  4.7743042  -4.42854556 -0.48368935]],-10,0,False,0.12
[[ 0.3792965  -0.18023518 -0.21921245  4.5700793  -4.26563577 -0.45885444]],40,-10,True,0.14
