States,Force,Reward,Terminated,Time
[[ 0.         -0.13638547  0.08099427  0.          0.          0.        ]],-5,0.15942603192094232,False,0.0
[[-0.00094617 -0.13613191  0.08184875 -0.09461963  0.02535733  0.08547627]],40,0.0,False,0.02
[[ 0.00518295 -0.1440064   0.083901    0.70746323 -0.81227296  0.11858858]],-5,0.0,False,0.04
[[ 0.01838727 -0.16002641  0.08713121  0.61306451 -0.79088508  0.2055656 ]],-5,0.0,False,0.06
[[ 0.02970924 -0.17568742  0.09216919  0.51922293 -0.77634266  0.29937984]],-5,0.0,False,0.08
[[ 0.03915962 -0.19112441  0.09915253  0.42589656 -0.76844597  0.40011347]],-5,0.0,False,0.1
[[ 0.04674824 -0.20646796  0.10822016  0.33304077 -0.76695431  0.50781158]],-1,0.0,False,0.12
[[ 0.05327746 -0.22257178  0.11941109  0.31992199 -0.84418294  0.61201314]],40,0.0,False,0.14
[[ 0.06766769 -0.24761272  0.13152666  1.11866723 -1.65645831  0.59298844]],-40,-10.0,True,0.16
