States,Force,Reward,Terminated,Time
[[ 0.         -0.13054677 -0.15872198  0.          0.          0.        ]],40,0,False,0.0
[[ 0.00802279 -0.13873461 -0.15876859  0.80221185 -0.81903126 -0.00427238]],40,0,False,0.02
[[ 0.03208232 -0.16332247 -0.15886957  1.60347479 -1.6400517  -0.00531112]],40,0,False,0.04
[[ 0.07214426 -0.20432996 -0.15898684  2.40206084 -2.45971253 -0.00774078]],5,0,False,0.06
"[[ 1.21204261e-01 -2.54974168e-01 -1.59089494e-01  2.50383587e+00
  -2.60609442e+00 -2.38285926e-03]]",5,-10,True,0.08
