States,Force,Reward,Terminated,Time
[[ 0.          0.07661784 -0.11757238  0.          0.          0.        ]],40,0,False,0.0
[[ 0.00796311  0.06928625 -0.11851213  0.79640772 -0.73428521 -0.09249467]],40,0,False,0.02
[[ 0.03186354  0.04715867 -0.12115695  1.59388299 -1.48164701 -0.16782676]],40,0,False,0.04
[[ 0.0717294   0.00986283 -0.12501942  2.39296368 -2.25242472 -0.21259317]],40,0,False,0.06
[[ 0.12758879 -0.04312127 -0.12942654  3.19297957 -3.0502245  -0.22284079]],40,0,False,0.08
[[ 0.1994371  -0.11226943 -0.1337925   3.99117457 -3.86584368 -0.21298666]],-40,0,False,0.1
[[ 0.27127315 -0.18194863 -0.1380389   3.19335602 -3.10764031 -0.20958125]],-40,0,False,0.12
[[ 0.32721497 -0.23684715 -0.14199435  2.4019937  -2.38966521 -0.17983061]],-40,-10,True,0.14
