States,Force,Reward,Terminated,Time
[[ 0.         -0.17303339  0.1552636   0.          0.          0.        ]],-40,0,False,0.0
[[-0.0078986  -0.16648931  0.15717005 -0.7899891   0.65568037  0.1889703 ]],-40,0,False,0.02
[[-0.03160961 -0.14670509  0.16268901 -1.58147659  1.3264966   0.35795068]],-40,0,False,0.04
[[-0.07117586 -0.11323299  0.17122617 -2.37567044  2.02670451  0.48772655]],-40,0,False,0.06
[[-0.12665811 -0.06536142  0.18182544 -3.17307169  2.76805074  0.56184193]],-40,0,False,0.08
"[[-1.98114693e-01 -2.19555816e-03  1.93266403e-01 -3.97278719e+00
   3.55629986e+00  5.71504086e-01]]",-40,0,False,0.1
[[-0.28556351  0.0771618   0.20430806 -4.77146243  4.3844622   0.52564948]],-40,0,False,0.12
[[-0.38892026  0.17325624  0.21419376 -5.56205473  5.2225292   0.4666387 ]],5,-10,True,0.14
