States,Force,Reward,Terminated,Time
[[ 0.          0.07363618 -0.1320483   0.          0.          0.        ]],40,0,False,0.0
[[ 0.00796504  0.06631455 -0.13302999  0.79659781 -0.73330035 -0.09665063]],40,0,False,0.02
[[ 0.03187094  0.04421543 -0.13579583  1.59423217 -1.47982682 -0.1756421 ]],40,0,False,0.04
[[ 0.07174489  0.0069614  -0.13984233  2.39341254 -2.25015694 -0.22292191]],40,0,False,0.06
[[ 0.12761358 -0.04597907 -0.14446475  3.19344461 -3.04830602 -0.23360021]],-5,0,False,0.08
[[ 0.19048514 -0.1060653  -0.14916678  3.09379468 -2.96244827 -0.23656277]],-5,0,False,0.1
[[ 0.25136962 -0.16456872 -0.15391426  2.99477937 -2.89032681 -0.23760983]],-5,0,False,0.12
[[ 0.31028189 -0.22177997 -0.1586402   2.89659631 -2.83342237 -0.23404568]],-5,-10,True,0.14
