States,Force,Reward,Terminated,Time
[[0.         0.04979814 0.02100054 0.         0.         0.        ]],40,0.14875245043690033,False,0.0
[[ 0.00797745  0.04198917  0.02087252  0.79783298 -0.78165725 -0.01206177]],40,0.0,False,0.02
[[ 0.03191967  0.01847544  0.02057074  1.59659617 -1.57162416 -0.01644565]],40,0.0,False,0.04
[[ 0.07184944 -0.02095778  0.02027479  2.39653136 -2.37356247 -0.01229648]],40,0.0,False,0.06
[[ 0.12778119 -0.07650922  0.02005033  3.19643346 -3.18132967 -0.01315818]],40,0.0,False,0.08
[[ 0.19968482 -0.14811686  0.01948924  3.99296285 -3.97446709 -0.0536653 ]],40,0.0,False,0.1
[[ 0.2874403  -0.23516061  0.01726976  4.78053648 -4.71830261 -0.18958519]],40,-10.0,True,0.12
