States,Force,Reward,Terminated,Time
[[0.         0.02029881 0.16599445 0.         0.         0.        ]],-40,0,False,0.0
[[-0.00800747  0.02809991  0.16649339 -0.80077723  0.78098619  0.04864372]],-40,0,False,0.02
[[-0.03203281  0.05160454  0.1678455  -1.60179     1.57178246  0.08327013]],-40,0,False,0.04
[[-0.07207783  0.09107672  0.16967323 -2.40256699  2.37810137  0.09568799]],-40,0,False,0.06
[[-0.12812134  0.14681189  0.17155429 -3.2011451   3.19639813  0.09105225]],40,0,False,0.08
[[-0.18419531  0.20322385  0.17338333 -2.40729627  2.45056788  0.08860864]],40,0,False,0.1
[[-0.22445575  0.24508121  0.17491744 -1.61977117  1.74130587  0.05962088]],40,-10,True,0.12
