States,Force,Reward,Terminated,Time
[[ 0.        -0.1241142  0.153063   0.         0.         0.       ]],40,0,False,0.0
[[ 0.00802137 -0.13254386  0.1535327   0.80207507 -0.84225114  0.04535999]],40,0,False,0.02
[[ 0.03207734 -0.15774291  0.15474226  1.60327807 -1.67517456  0.07025494]],40,0,False,0.04
[[ 0.07213679 -0.19940384  0.15603542  2.40208811 -2.48586449  0.04874828]],40,0,False,0.06
[[ 0.128128   -0.25691046  0.15615966  3.19593248 -3.25638666 -0.05281084]],40,-10,True,0.08
