States,Force,Reward,Terminated,Time
[[ 0.         -0.11042366  0.15129402  0.          0.          0.        ]],-40,0,False,0.0
[[-0.00794275 -0.10339609  0.15264772 -0.79438434  0.70398355  0.13371926]],-40,0,False,0.02
[[-0.03178375 -0.08216774  0.1565126  -1.59001205  1.42239748  0.24797872]],-40,0,False,0.04
[[-0.07155718 -0.04631879  0.16232116 -2.3876994   2.16787356  0.32557562]],-40,0,False,0.06
[[-0.1273046   0.00478247  0.16921538 -3.18725626  2.94832074  0.35557978]],-40,0,False,0.08
[[-0.19904689  0.07183725  0.17624143 -3.98663502  3.76165029  0.341006  ]],-10,0,False,0.1
[[-0.28075609  0.14932246  0.18287306 -4.18376504  3.98768816  0.32395533]],40,0,False,0.12
[[-0.35645042  0.22155963  0.18935044 -3.38683748  3.24209955  0.32210827]],40,-10,True,0.14
