States,Force,Reward,Terminated,Time
[[ 0.          0.14862261 -0.06710953  0.          0.          0.        ]],40,0,False,0.0
[[ 0.00791321  0.14169849 -0.0683684   0.79145359 -0.69362264 -0.12439216]],40,0,False,0.02
[[ 0.03166839  0.12078232 -0.07196752  1.58443122 -1.40149188 -0.23121015]],40,0,False,0.04
[[ 0.07130839  0.08546031 -0.07739765  2.38006876 -2.13598409 -0.30536183]],40,0,False,0.06
[[ 0.12689064  0.03511313 -0.08390493  3.17857426 -2.90462707 -0.33840857]],40,0,False,0.08
[[ 0.19846089 -0.03093965 -0.09069254  3.97841544 -3.70491748 -0.33607798]],40,0,False,0.1
[[ 0.28600838 -0.11316691 -0.09731007  4.77530728 -4.51689285 -0.32924435]],-40,0,False,0.12
[[ 0.37350014 -0.19583373 -0.10392691  3.97475934 -3.75638321 -0.32972553]],-40,-10,True,0.14
