States,Force,Reward,Terminated,Time
[[ 0.         -0.15881334  0.11547577  0.          0.          0.        ]],-40,0,False,0.0
[[-0.00790738 -0.15207883  0.11706844 -0.79086754  0.67470314  0.15765783]],-40,0,False,0.02
[[-0.03164479 -0.1317262   0.1216546  -1.58323738  1.36421848  0.29623843]],-40,0,False,0.04
[[-0.07125483 -0.09732061  0.12867293 -2.37827443  2.08204461  0.39819995]],-40,0,False,0.06
[[-0.12679622 -0.04818783  0.13724959 -3.17632825  2.83810721  0.45055059]],-40,0,False,0.08
[[-0.19832049  0.01647505  0.14634522 -3.97617399  3.63436984  0.45115742]],-40,0,False,0.1
[[-0.28583015  0.0973706   0.15507505 -4.7739397   4.45734387  0.41985389]],40,0,False,0.12
[[-0.37329559  0.17884275  0.16341784 -3.97338087  3.69375916  0.41642962]],0,0,False,0.14
[[-0.45272949  0.25304948  0.17180909 -3.96975399  3.72804473  0.42466133]],1,-10,True,0.16
