States,Force,Reward,Terminated,Time
[[ 0.          0.09643506 -0.16570327  0.          0.          0.        ]],-40,0,False,0.0
[[-0.00802094  0.10487903 -0.16626208 -0.80205548  0.84379808 -0.05440769]],0,0,False,0.02
[[-0.0240989   0.1224477  -0.16826461 -0.80582052  0.91396599 -0.14646791]],0,0,False,0.04
[[-0.04025691  0.1414741  -0.17214604 -0.81005705  0.98959174 -0.2423066 ]],0,0,False,0.06
[[-0.0565042   0.16206818 -0.17798173 -0.8147446   1.0707306  -0.34186389]],0,0,False,0.08
[[-0.07284946  0.18433934 -0.1858433  -0.81984672  1.15726574 -0.44481628]],0,0,False,0.1
[[-0.08930047  0.20839273 -0.19579292 -0.82530895  1.24888353 -0.55053834]],0,0,False,0.12
[[-0.10586373  0.23432514 -0.20787705 -0.83105784  1.34506342 -0.65808251]],0,-10,True,0.14
