States,Force,Reward,Terminated,Time
[[ 0.         -0.04504697  0.14090757  0.          0.          0.        ]],40,0,False,0.0
[[ 0.00801403 -0.05342016  0.14147091  0.80141012 -0.83711295  0.05547032]],40,0,False,0.02
[[ 0.03205621 -0.07850965  0.14304919  1.60276449 -1.67077914  0.09910368]],40,0,False,0.04
[[ 0.07211903 -0.12017424  0.14523032  2.4032351  -2.49259898  0.11159706]],40,0,False,0.06
[[ 0.12816547 -0.17802689  0.1470985   3.2006318  -3.28615296  0.0615135 ]],40,0,False,0.08
[[ 0.20009946 -0.25127564  0.14699294  3.99126891 -4.0279413  -0.09333783]],40,-10,True,0.1
