States,Force,Reward,Terminated,Time
[[ 0.          0.15986372 -0.17007781  0.          0.          0.        ]],1,0,False,0.0
"[[ 1.43512079e-04  1.60578399e-01 -1.71227707e-01  1.43492024e-02
   7.15084147e-02 -1.15049796e-01]]",1,0,False,0.02
[[ 0.00057381  0.16272731 -0.17468462  0.02867432  0.14350358 -0.2308201 ]],1,0,False,0.04
[[ 0.00129017  0.16632484 -0.18046987  0.04295274  0.21644069 -0.34799196]],1,0,False,0.06
[[ 0.00229147  0.17139385 -0.18861768  0.05716482  0.29071116 -0.4671667 ]],1,0,False,0.08
[[ 0.00357622  0.17796417 -0.19917313  0.07129542  0.36660977 -0.58882502]],1,0,False,0.1
[[ 0.00514268  0.18607024 -0.21218941  0.08533531  0.44430177 -0.71328638]],1,0,False,0.12
[[ 0.00698901  0.19574827 -0.22772414  0.09928247  0.52379217 -0.84067159]],-10,0,False,0.14
[[ 0.00692844  0.20903068 -0.24551563 -0.10530568  0.80416598 -0.93777637]],-10,-10,True,0.16
