States,Force,Reward,Terminated,Time
[[ 0.          0.13485053 -0.15182342  0.          0.          0.        ]],40,0,False,0.0
[[ 0.00792626  0.12800447 -0.15338268  0.79274485 -0.68585868 -0.15425438]],40,0,False,0.02
[[ 0.03171895  0.10731711 -0.1578611   1.58685076 -1.38653442 -0.28868312]],40,0,False,0.04
[[ 0.07141615  0.07235412 -0.16467557  2.38330753 -2.11543796 -0.38509394]],40,0,False,0.06
[[ 0.12706797  0.02244559 -0.17291992  3.18221745 -2.88217533 -0.43012543]],40,0,False,0.08
[[ 0.19871126 -0.0431965  -0.18152065  3.98199609 -3.6879219  -0.42192176]],-40,0,False,0.1
[[ 0.2703539  -0.10910018 -0.18997613  3.18273877 -2.90330482 -0.42848808]],40,0,False,0.12
[[ 0.34197838 -0.17538897 -0.19841395  3.9786377  -3.72547504 -0.41515445]],-40,0,False,0.14
[[ 0.41359389 -0.24248974 -0.2067116   3.18420861 -2.99127463 -0.41175038]],-40,-10,True,0.16
