States,Force,Reward,Terminated,Time
[[ 0.          0.09865552 -0.14148207  0.          0.          0.        ]],40,0,False,0.0
[[ 0.00795007  0.09152442 -0.1426974   0.7951121  -0.71430775 -0.11992816]],40,0,False,0.02
[[ 0.0318125   0.06998898 -0.14615288  1.59141156 -1.44268126 -0.22099642]],40,0,False,0.04
[[ 0.07161952  0.03364243 -0.15130244  2.38962484 -2.1970968  -0.28707072]],40,0,False,0.06
[[ 0.12740835 -0.0181149  -0.15734022  3.189403   -2.98415799 -0.30932035]],5,0,False,0.08
[[ 0.19219696 -0.07886271 -0.16354903  3.28943662 -3.09293895 -0.31073432]],5,0,False,0.1
[[ 0.25898316 -0.14191688 -0.16974946  3.38906739 -3.21435217 -0.30917806]],5,0,False,0.12
[[ 0.32775271 -0.20750045 -0.17592879  3.48765308 -3.34528641 -0.30956264]],1,-10,True,0.14
