States,Force,Reward,Terminated,Time
[[ 0.          0.06360305 -0.16974626  0.          0.          0.        ]],40,0,False,0.0
[[ 0.00797113  0.05628826 -0.17081199  0.79719927 -0.73263874 -0.10496206]],40,0,False,0.02
[[ 0.03189436  0.03420681 -0.17381845  1.59533996 -1.47880168 -0.19108578]],40,0,False,0.04
[[ 0.07179404 -0.00302899 -0.17822437  2.39483692 -2.24954471 -0.24282071]],40,0,False,0.06
[[ 0.12769208 -0.05597383 -0.18325162  3.19490096 -3.04971274 -0.25317873]],-40,0,False,0.08
[[ 0.18360553 -0.10905113 -0.18852277  2.39699573 -2.25968071 -0.27633023]],40,0,False,0.1
[[ 0.23953596 -0.16243729 -0.19401047  3.19535978 -3.07978431 -0.27091684]],-40,0,False,0.12
[[ 0.29550706 -0.21656162 -0.19947126  2.4028448  -2.33824293 -0.272285  ]],-40,0,False,0.14
[[ 0.33569316 -0.25619906 -0.20474648  1.61678745 -1.63112839 -0.2509143 ]],-40,-10,True,0.16
