States,Force,Reward,Terminated,Time
[[ 0.         -0.10297337  0.10390575  0.          0.          0.        ]],-40,0,False,0.0
[[-0.00794651 -0.09579393  0.10498178 -0.7947618   0.71911237  0.10609494]],-40,0,False,0.02
[[-0.03179889 -0.07411727  0.1080315  -1.59077124  1.4518882   0.19458513]],-40,0,False,0.04
[[-0.07159107 -0.03755074  0.11255005 -2.38880115  2.20962598  0.25106584]],-40,0,False,0.06
[[-0.12736264  0.0144724   0.11781619 -3.18852107  2.99767488  0.26939894]],-40,0,False,0.08
[[-0.1991285   0.08252003  0.12313602 -3.98762983  3.80964195  0.26017171]],-40,0,False,0.1
[[-0.28682995  0.16685344  0.12828635 -4.78094801  4.62011175  0.26162906]],-40,-10,True,0.12
