States,Force,Reward,Terminated,Time
[[ 0.         -0.07991502 -0.17196717  0.          0.          0.        ]],10,0,False,0.0
[[ 0.00202849 -0.08193212 -0.17229283  0.20285734 -0.20184653 -0.03242933]],40,0,False,0.02
[[ 0.01410616 -0.09402018 -0.17315528  1.00487245 -1.00779786 -0.05256187]],40,0,False,0.04
[[ 0.04221965 -0.12229265 -0.17432202  1.80629455 -1.82083811 -0.06199564]],40,0,False,0.06
[[ 0.0863444  -0.16689834 -0.17556497  2.60562771 -2.64018342 -0.06148278]],-40,0,False,0.08
[[ 0.1305384  -0.21229279 -0.17675707  1.81474834 -1.90478757 -0.05376628]],-40,0,False,0.1
[[ 0.15897071 -0.24330289 -0.17754146  1.02928433 -1.20104963 -0.02038078]],-40,0,False,0.12
[[ 0.17173587 -0.26049499 -0.17742288  0.24771574 -0.52119767  0.03519112]],-40,-10,True,0.14
