States,Force,Reward,Terminated,Time
[[ 0.          0.14522854 -0.17073942  0.          0.          0.        ]],40,0,False,0.0
[[ 0.00791972  0.13849616 -0.17247202  0.79209181 -0.67450758 -0.17154894]],40,0,False,0.02
[[ 0.03169296  0.11814762 -0.1774654   1.58556596 -1.36407242 -0.32273421]],40,0,False,0.04
[[ 0.0713587   0.0837394  -0.18511691  2.38146507 -2.08261905 -0.43435931]],40,0,False,0.06
[[ 0.12696957  0.03457626 -0.19447101  3.18001453 -2.84092828 -0.49096868]],40,0,False,0.08
[[ 0.19856853 -0.03018962 -0.20434538  3.97986241 -3.6425432  -0.48670895]],40,0,False,0.1
[[ 0.28614671 -0.11134518 -0.21362508  4.77697667 -4.47627166 -0.43653857]],40,0,False,0.12
[[ 0.38957841 -0.2092218  -0.22183227  5.56358632 -5.30614218 -0.39177563]],10,-10,True,0.14
