States,Force,Reward,Terminated,Time
[[ 0.          0.14283164 -0.04906486  0.          0.          0.        ]],40,0,False,0.0
[[ 0.00791704  0.13581824 -0.05017983  0.7918361  -0.702527   -0.11005713]],40,0,False,0.02
[[ 0.03168367  0.11463728 -0.05335429  1.58519281 -1.41897507 -0.20328027]],40,0,False,0.04
[[ 0.07134248  0.07888677 -0.05810455  2.38117665 -2.16112038 -0.26576969]],40,0,False,0.06
[[ 0.12694948  0.02797658 -0.06373493  3.17991155 -2.93529316 -0.29124118]],40,0,False,0.08
[[ 0.19854665 -0.03871211 -0.06956319  3.97970843 -3.73692865 -0.28894261]],10,0,False,0.1
[[ 0.28012664 -0.11556379 -0.07532968  4.17787069 -3.94871275 -0.29052331]],-5,0,False,0.12
[[ 0.36265617 -0.19373418 -0.08126654  4.07493098 -3.8699924  -0.30499229]],-40,-10,True,0.14
