States,Force,Reward,Terminated,Time
[[ 0.        -0.1271282  0.0902055  0.         0.         0.       ]],-40,0,False,0.0
[[-0.00792972 -0.12009419  0.09140645 -0.79309409  0.70459919  0.11857582]],-40,0,False,0.02
[[-0.03173315 -0.09884995  0.09482913 -1.58758288  1.42327407  0.21932794]],-40,0,False,0.04
[[-0.07144901 -0.06298809  0.09995856 -2.384436    2.16805456  0.28715531]],-40,0,False,0.06
[[-0.12712653 -0.01190622  0.10604003 -3.18361945  2.94572085  0.31417423]],-40,0,False,0.08
[[-0.19879744  0.05503795  0.11229593 -3.98325404  3.75235686  0.30763629]],-40,0,False,0.1
[[-0.28642908  0.13823927  0.11833734 -4.77863114  4.56585231  0.30108994]],1,0,False,0.12
[[-0.38172821  0.22951021  0.12457035 -4.75064648  4.56057483  0.32832772]],1,-10,True,0.14
