States,Force,Reward,Terminated,Time
[[ 0.         -0.13070789  0.10161885  0.          0.          0.        ]],-40,0,False,0.0
[[-0.00792751 -0.12372645  0.10290565 -0.79287291  0.69935668  0.12712651]],-40,0,False,0.02
[[-0.03172434 -0.102638    0.10658148 -1.58714529  1.4129938   0.23596715]],-40,0,False,0.04
[[-0.07142946 -0.06702779  0.11211545 -2.3838073   2.15331329  0.3106824 ]],-40,0,False,0.06
[[-0.12709308 -0.01627528  0.11871678 -3.1828786   2.92783488  0.34205672]],-40,0,False,0.08
[[-0.19874941  0.05030003  0.12553681 -3.98257644  3.73392521  0.3351497 ]],-40,0,False,0.1
[[-0.28637044  0.13316149  0.13206422 -4.77830018  4.55113997  0.32069646]],40,0,False,0.12
[[-0.37392273  0.21658881  0.1384883  -3.97796861  3.79825067  0.31966581]],40,-10,True,0.14
