States,Force,Reward,Terminated,Time
[[ 0.         -0.03484075  0.15197113  0.          0.          0.        ]],-40,0,False,0.0
[[-0.00798564 -0.02731332  0.15276036 -0.79863358  0.75380017  0.07746708]],-40,0,False,0.02
[[-0.03195037 -0.00460696  0.15495712 -1.59800123  1.51976486  0.13817297]],-40,0,False,0.04
[[-0.07191174  0.03361977  0.15809111 -2.39823245  2.3068567   0.1698008 ]],-40,0,False,0.06
[[-0.12787784  0.08781982  0.16154117 -3.19811483  3.11636149  0.17089913]],1,0,False,0.08
[[-0.1916407   0.15016016  0.16496203 -3.17817433  3.11974899  0.17112952]],40,0,False,0.1
[[-0.24725965  0.20506622  0.16836559 -2.38476281  2.37672027  0.16565218]],40,0,False,0.12
[[-0.28707311  0.24547365  0.1714032  -1.5975791   1.66999761  0.13302882]],40,-10,True,0.14
