States,Force,Reward,Terminated,Time
[[0.         0.0790424  0.15421691 0.         0.         0.        ]],-40,0,False,0.0
[[-0.00802059  0.08710015  0.15440639 -0.80203943  0.80632085  0.01816075]],-40,0,False,0.02
[[-0.03207922  0.11133405  0.15488741 -1.60369948  1.61829889  0.02817185]],10,0,False,0.04
[[-0.06219451  0.14193819  0.15556318 -1.40807033  1.44425491  0.03783892]],10,0,False,0.06
[[-0.08841159  0.16918875  0.15633628 -1.2138729   1.28287258  0.03782546]],1,0,False,0.08
[[-0.11254642  0.19508711  0.15702409 -1.19973359  1.30860004  0.02961369]],10,0,False,0.1
[[-0.13462143  0.21986792  0.15743188 -1.00799632  1.17154929  0.00938047]],10,0,False,0.12
[[-0.15287501  0.24202908  0.15732884 -0.81756968  1.04649643 -0.02141798]],10,-10,True,0.14
