States,Force,Reward,Terminated,Time
[[ 0.         -0.17152048  0.17303813  0.          0.          0.        ]],40,0,False,0.0
[[ 0.00801634 -0.17990644  0.17336042  0.80153681 -0.83761329  0.03020004]],-40,0,False,0.02
[[ 0.01615463 -0.19022247  0.17602115  0.01248795 -0.19607127  0.23890517]],40,0,False,0.04
[[ 0.0244156  -0.20247919  0.1810111   0.81344307 -1.02802249  0.25692274]],-10,0,False,0.06
[[ 0.03876092 -0.22221205  0.1875567   0.62121799 -0.94673905  0.39930873]],-10,0,False,0.08
[[ 0.04926907 -0.24040376  0.1970479   0.42970527 -0.87370425  0.55136265]],-10,0,False,0.1
[[ 0.05595309 -0.25720676  0.20967069  0.23878512 -0.80764881  0.71234042]],1,-10,True,0.12
