States,Force,Reward,Terminated,Time
[[ 0.          0.17413207 -0.04011539  0.          0.          0.        ]],-10,0.0932440788666004,False,0.0
[[-0.00205228  0.17680732 -0.04075692 -0.20522803  0.2675921  -0.06415775]],-10,0.0,False,0.02
[[-0.00820912  0.18484091 -0.04268169 -0.41045474  0.53595113 -0.12830289]],-40,0.0,False,0.04
[[-0.02442796  0.20385372 -0.04536733 -1.21115512  1.36353929 -0.13689019]],-5,0.0,False,0.06
[[-0.04970217  0.23286593 -0.04872513 -1.31626606  1.5383879  -0.19877382]],-5,-10.0,True,0.08
