States,Force,Reward,Terminated,Time
[[ 0.          0.09175416 -0.10097515  0.          0.          0.        ]],40,0,False,0.0
[[ 0.00795365  0.08448971 -0.10195153  0.79547091 -0.72758645 -0.09616829]],40,0,False,0.02
[[ 0.03182682  0.06256155 -0.10470726  1.59212294 -1.46846142 -0.17525803]],40,0,False,0.04
[[ 0.07165121  0.02559011 -0.10875611  2.39063292 -2.23330298 -0.22377364]],40,0,False,0.06
[[ 0.12746175 -0.02696117 -0.11342093  3.19051756 -3.0263274  -0.23728053]],40,0,False,0.08
[[ 0.19926496 -0.0956006  -0.1180965   3.98926083 -3.83933207 -0.22912481]],40,0,False,0.1
[[ 0.28698935 -0.18048935 -0.12271069  4.7814774  -4.64480843 -0.24082393]],-10,-10,True,0.12
