States,Force,Reward,Terminated,Time
[[ 0.          0.15573249 -0.09528509  0.          0.          0.        ]],40,0,False,0.0
[[ 0.00790885  0.14892975 -0.09675019  0.79101685 -0.68151248 -0.14494316]],40,0,False,0.02
[[ 0.03165086  0.1283742  -0.10095898  1.58355058 -1.37764685 -0.2713674 ]],40,0,False,0.04
[[ 0.07126892  0.09363816 -0.10736941  2.37876317 -2.10151264 -0.36263392]],40,0,False,0.06
[[ 0.12682165  0.04406649 -0.11515199  3.17696155 -2.86218047 -0.40743311]],40,0,False,0.08
[[ 0.19835903 -0.02110011 -0.12335731  3.97681707 -3.65996893 -0.40658606]],40,0,False,0.1
[[ 0.28587939 -0.10247869 -0.13126395  4.77430884 -4.4788858  -0.3842356 ]],-40,0,False,0.12
[[ 0.37335178 -0.18437891 -0.13892928  3.9737437  -3.71605689 -0.38246784]],-40,0,False,0.14
[[ 0.44487416 -0.25140321 -0.14641939  3.17981549 -2.99482153 -0.36028657]],-40,-10,True,0.16
