States,Force,Reward,Terminated,Time
[[ 0.         -0.00224821  0.17125156  0.          0.          0.        ]],-40,0,False,0.0
[[-0.00799962  0.00542945  0.17190131 -0.80000922  0.76874394  0.06358262]],-40,0,False,0.02
[[-0.0320035   0.02857653  0.17368796 -1.60046605  1.54861922  0.11129331]],-40,0,False,0.04
[[-0.07202013  0.06750025  0.1761728  -2.40115578  2.34712496  0.13235833]],-40,0,False,0.06
[[-0.1280408   0.12258246  0.17880882 -3.20042948  3.16327424  0.12812149]],-10,0,False,0.08
[[-0.19403636  0.18811001  0.18134277 -3.3987863   3.39056618  0.1259924 ]],40,0,False,0.1
[[-0.25407868  0.24861757  0.18376753 -2.60673143  2.66761265  0.11146828]],40,-10,True,0.12
