States,Force,Reward,Terminated,Time
[[ 0.         -0.1060586   0.11212801  0.          0.          0.        ]],-40,0,False,0.0
[[-0.00794466 -0.09891906  0.11326707 -0.79457748  0.71513689  0.11236797]],-40,0,False,0.02
[[-0.03179158 -0.07736024  0.11650201 -1.59041273  1.44413412  0.20672427]],-40,0,False,0.04
[[-0.0715751  -0.04098255  0.1213141  -2.38830171  2.19862442  0.26803394]],-40,0,False,0.06
[[-0.12733589  0.01079698  0.12695137 -3.18796278  2.9845816   0.28906457]],-40,0,False,0.08
[[-0.19909125  0.07857889  0.13266116 -3.98717226  3.79662792  0.27869102]],40,0,False,0.1
[[-0.27084111  0.1467598   0.13823959 -3.18851998  3.02534414  0.27926015]],5,0,False,0.12
[[-0.3336211   0.20662365  0.1438088  -3.08960297  2.96359497  0.27698132]],40,0,False,0.14
[[-0.38751041  0.25880471  0.14899857 -2.30054394  2.26227114  0.23527476]],40,-10,True,0.16
